178,Test User 1,test_user,,https://nickjenson.instructure.com/images/messages/avatar-50.png
53,Natalie Adams,Natalie Adams,3535435357358,https://nickjenson.instructure.com/images/thumbnails/2861/a3Uw6tTtyX7iMU6fT47INsu2QCLsdR8UQ4l2Xctk
168,Catalog API (DON'T DELETE - Limited),Catalog API (DON'T DELETE - Limited),,https://nickjenson.instructure.com/images/messages/avatar-50.png
167,Catalog API (DON'T DELETE),Catalog API (DON'T DELETE),,https://nickjenson.instructure.com/images/messages/avatar-50.png
166,Conditional Release API,Conditional Release API,,https://nickjenson.instructure.com/images/messages/avatar-50.png
179,Outcomes Service API,Outcomes Service API,,https://nickjenson.instructure.com/images/messages/avatar-50.png
226,asfdasfd7,asfdasfd7,,https://nickjenson.instructure.com/images/messages/avatar-50.png
225,asfdasfde,asfdasfde,,https://nickjenson.instructure.com/images/messages/avatar-50.png
33,Lance Bean,Lance Bean,1000023,https://nickjenson.instructure.com/images/messages/avatar-50.png
40,William Bennion,William Bennion,1000032,https://nickjenson.instructure.com/images/messages/avatar-50.png
189,Alicia Bowers,Alicia Bowers,1555557,https://nickjenson.instructure.com/images/messages/avatar-50.png
42,Kent Burganddy,Kent Burganddy,1000034,https://nickjenson.instructure.com/images/messages/avatar-50.png
41,Alvin Cannes,Alvin Cannes,1000033,https://nickjenson.instructure.com/images/messages/avatar-50.png
30,Piper Child,Piper Child,1000020,https://nickjenson.instructure.com/images/messages/avatar-50.png
180,Bobo Clown,Bobo Clown,asdafsdfasdf,https://nickjenson.instructure.com/images/messages/avatar-50.png
49,Emily Dames,Emily Dames,1000042,https://nickjenson.instructure.com/images/messages/avatar-50.png
54,Daniel Doom,Daniel Doom,1000047,https://nickjenson.instructure.com/images/messages/avatar-50.png
43,Greg Godfrey,Greg Godfrey,1000035,https://nickjenson.instructure.com/images/messages/avatar-50.png
34,Peter Grace,Peter Grace,,https://nickjenson.instructure.com/images/messages/avatar-50.png
24,Eric Graham,Eric Graham,1000014,https://nickjenson.instructure.com/images/messages/avatar-50.png
50,Donnie Greggs,Donnie Greggs,1000043,https://nickjenson.instructure.com/images/messages/avatar-50.png
22,Paige Griffin,Paige Griffin,1000012,https://nickjenson.instructure.com/images/messages/avatar-50.png
14,Warren Griffin,Warren Griffin,1000004,https://nickjenson.instructure.com/images/messages/avatar-50.png
27,Aaron Groovey,Aaron Groovey,1000025,https://nickjenson.instructure.com/images/messages/avatar-50.png
25,Morgan Hardcastle,Morgan Hardcastle,1000015,https://nickjenson.instructure.com/images/messages/avatar-50.png
58,Juan Hernandez,Juan Hernandez,1000024,https://nickjenson.instructure.com/images/messages/avatar-50.png
31,John James,John James,1000021,https://nickjenson.instructure.com/images/messages/avatar-50.png
60,Theodore James,Theodore James,1000041,https://nickjenson.instructure.com/images/messages/avatar-50.png
170000004597197,Nicholas Jenson,Nicholas Jenson,,https://siteadmin.instructure.com/images/thumbnails/28953/e1dhABZePo3b6cBAKOUZsMNsLDHFTr2qArNE1om5
176,Test Jenson,Test Jenson,tjenson0001,https://nickjenson.instructure.com/images/messages/avatar-50.png
52,Hope Johns,Hope Johns,1000045,https://nickjenson.instructure.com/images/messages/avatar-50.png
28,Nick Johnson,Nick Johnson,1000018,https://nickjenson.instructure.com/images/messages/avatar-50.png
23,Freddie Kruger,Freddie Kruger,1000013,https://nickjenson.instructure.com/images/messages/avatar-50.png
26,Preston Lund,Preston Lund,1000016,https://nickjenson.instructure.com/images/messages/avatar-50.png
45,Danielle Maddison,Danielle Maddison,1000037,https://nickjenson.instructure.com/images/messages/avatar-50.png
46,Ralph Mann,Ralph Mann,1000038,https://nickjenson.instructure.com/images/messages/avatar-50.png
47,Trevor Marsden,Trevor Marsden,1000039,https://nickjenson.instructure.com/images/messages/avatar-50.png
190,Anna Mijatovich,Anna Mijatovich,newtest101,https://nickjenson.instructure.com/images/messages/avatar-50.png
51,Grant Mitchel,Grant Mitchel,1000044,https://nickjenson.instructure.com/images/messages/avatar-50.png
39,Mickey Mouse,Mickey Mouse,1000031,https://nickjenson.instructure.com/images/messages/avatar-50.png
187,new-example new-example,new-example new-example,new-example,https://nickjenson.instructure.com/images/messages/avatar-50.png
188,new-example2 new-example2,new-example2 new-example2,new-example2,https://nickjenson.instructure.com/images/messages/avatar-50.png
44,Sean Penn,Sean Penn,1000036,https://nickjenson.instructure.com/images/messages/avatar-50.png
35,Heather Peterson,Heather Peterson,1000027,https://nickjenson.instructure.com/images/messages/avatar-50.png
38,Eric Pierce,Eric Pierce,1000030,https://nickjenson.instructure.com/images/messages/avatar-50.png
32,Maddison Porter,Maddison Porter,1000022,https://nickjenson.instructure.com/images/messages/avatar-50.png
16,Carrie Price,Carrie Price,1000006,https://nickjenson.instructure.com/images/messages/avatar-50.png
18,Essie Ramsey,Essie Ramsey,1000008,https://nickjenson.instructure.com/images/messages/avatar-50.png
13,Roger Reeves,Roger Reeves,1000003,https://nickjenson.instructure.com/images/messages/avatar-50.png
11,Lonnie Rice,Lonnie Rice,1000001,https://nickjenson.instructure.com/images/messages/avatar-50.png
184,Lonnie Rice,Lonnie Rice,xv000001,https://nickjenson.instructure.com/images/messages/avatar-50.png
185,Lonnie Rice,Lonnie Rice,xv000001-new,https://nickjenson.instructure.com/images/messages/avatar-50.png
15,Tammy Sanders,Tammy Sanders,1000005,https://nickjenson.instructure.com/images/messages/avatar-50.png
173,SIS Import User,SIS Import User,sis_id1,https://nickjenson.instructure.com/images/messages/avatar-50.png
191,SIS Import User,SIS Import User,,https://nickjenson.instructure.com/images/messages/avatar-50.png
192,SIS Import User,SIS Import User,,https://nickjenson.instructure.com/images/messages/avatar-50.png
20,Corey Soto,Corey Soto,1000010,https://nickjenson.instructure.com/images/messages/avatar-50.png
36,Ron Stone,Ron Stone,1000028,https://nickjenson.instructure.com/images/messages/avatar-50.png
57,Williard Street,Williard Street,1000050,https://nickjenson.instructure.com/images/messages/avatar-50.png
12,Jan Thompson,Jan Thompson,1000002,https://nickjenson.instructure.com/images/messages/avatar-50.png
186,Forced User,Forced User,forced-registration,https://nickjenson.instructure.com/images/messages/avatar-50.png
177,Test User,test_user,,https://nickjenson.instructure.com/images/messages/avatar-50.png
56,Alison Weichers,Alison Weichers,1000049,https://nickjenson.instructure.com/images/messages/avatar-50.png
59,Garrion Williams,Garrion Williams,1000026,https://nickjenson.instructure.com/images/messages/avatar-50.png
21,Karen Williams,Karen Williams,1000011,https://nickjenson.instructure.com/images/messages/avatar-50.png
29,Amber Willie,Amber Willie,1000019,https://nickjenson.instructure.com/images/messages/avatar-50.png
19,Lila Willis,Lila Willis,1000009,https://nickjenson.instructure.com/images/messages/avatar-50.png
175,Greg Wilson,Greg Wilson,,https://nickjenson.instructure.com/images/messages/avatar-50.png
